company,sector,total_nodes,total_edges,data_nodes,actor_nodes,density,avg_degree,unique_relationships
AbbVie,Healthcare,49,56,36,13,0.02381,2.286,2
Abbott_Laboratories,Healthcare,55,78,43,12,0.02626,2.836,2
Accenture,IT,49,49,39,10,0.02083,2.0,2
Adobe_Inc.,IT,37,37,29,8,0.02778,2.0,2
Advanced_Micro_Devices,IT,65,72,50,15,0.01731,2.215,2
Aflac,Financial,124,212,85,39,0.0139,3.419,2
Aflac_old,Financial,53,78,41,12,0.0283,2.943,2
Agilent_Technologies,Healthcare,34,35,17,17,0.03119,2.059,2
Akamai_Technologies,IT,16,15,9,7,0.0625,1.875,2
Align_Technology,Healthcare,30,28,20,10,0.03218,1.867,2
Allstate,Financial,107,112,95,12,0.00987,2.093,2
American_Express,Financial,40,77,31,9,0.04936,3.85,2
American_International_Group,Financial,42,54,24,18,0.03136,2.571,2
Amgen,Healthcare,35,36,28,7,0.03025,2.057,2
Amphenol,IT,28,30,21,7,0.03968,2.143,2
Analog_Devices,IT,21,20,15,6,0.04762,1.905,2
Ansys,IT,27,28,19,8,0.03989,2.074,2
Aon_plc,Financial,23,22,17,6,0.04348,1.913,2
Apollo_Global_Management,Financial,69,99,59,10,0.0211,2.87,2
Apple_Inc.,IT,9,7,5,4,0.09722,1.556,2
Applied_Materials,IT,18,19,11,7,0.06209,2.111,2
Arista_Networks,IT,74,81,63,11,0.01499,2.189,2
Arthur_J._Gallagher_&_Co.,Financial,104,125,77,27,0.01167,2.404,2
Assurant,Financial,34,30,24,10,0.02674,1.765,2
Autodesk,IT,24,24,16,8,0.04348,2.0,2
BNY_Mellon,Financial,14,13,12,2,0.07143,1.857,2
Bank_of_America,Financial,12,10,6,6,0.07576,1.667,1
Baxter_International,Healthcare,2,1,1,1,0.5,1.0,1
Becton_Dickinson,Healthcare,21,19,17,4,0.04524,1.81,2
Berkshire_Hathaway,Financial,4,3,2,2,0.25,1.5,1
Bio-Techne,Healthcare,32,33,26,6,0.03327,2.062,2
Biogen,Healthcare,43,42,34,9,0.02326,1.953,2
BlackRock,Financial,22,19,17,5,0.04113,1.727,2
Blackstone_Inc.,Financial,86,95,69,17,0.013,2.209,2
Boston_Scientific,Healthcare,56,61,47,9,0.01981,2.179,2
Bristol_Myers_Squibb,Healthcare,58,56,45,13,0.01694,1.931,2
Broadcom,IT,39,40,35,4,0.02699,2.051,2
Brown_&_Brown,Financial,30,31,22,8,0.03563,2.067,2
CDW_Corporation,IT,39,43,17,22,0.02901,2.205,2
CME_Group,Financial,24,25,13,11,0.04529,2.083,2
CVS_Health,Healthcare,26,25,11,15,0.03846,1.923,2
Cadence_Design_Systems,IT,25,27,19,6,0.045,2.16,2
Capital_One,Financial,37,39,20,17,0.02928,2.108,2
Cardinal_Health,Healthcare,13,14,7,6,0.08974,2.154,2
Cboe_Global_Markets,Financial,57,68,37,20,0.0213,2.386,2
Cencora,Healthcare,53,56,43,10,0.02032,2.113,2
Centene_Corporation,Healthcare,82,99,59,23,0.01491,2.415,2
Charles_River_Laboratories,Healthcare,25,24,16,9,0.04,1.92,2
Charles_Schwab_Corporation,Financial,11,9,9,2,0.08182,1.636,2
Chubb_Limited,Financial,105,161,92,13,0.01474,3.067,2
Cigna,Healthcare,32,36,16,16,0.03629,2.25,2
Cincinnati_Financial,Financial,15,20,11,4,0.09524,2.667,2
Cisco,IT,27,27,16,11,0.03846,2.0,2
Citigroup,Financial,24,24,18,6,0.04348,2.0,2
Citizens_Financial_Group,Financial,65,80,60,5,0.01923,2.462,2
Cognizant,IT,28,32,22,6,0.04233,2.286,2
Coinbase,Financial,32,33,21,11,0.03327,2.062,2
Cooper_Companies_(The),Healthcare,0,0,0,0,0.0,0.0,0
Corning_Inc.,IT,3,2,1,2,0.33333,1.333,1
Corpay,Financial,71,74,59,12,0.01489,2.085,2
CrowdStrike,IT,44,56,37,7,0.0296,2.545,2
DaVita,Healthcare,28,26,24,4,0.03439,1.857,2
Danaher_Corporation,Healthcare,18,19,11,7,0.06209,2.111,2
Dell_Technologies,IT,53,53,48,5,0.01923,2.0,2
Dexcom,Healthcare,40,42,27,13,0.02692,2.1,2
EPAM_Systems,IT,15,14,7,8,0.06667,1.867,1
Edwards_Lifesciences,Healthcare,61,72,40,21,0.01967,2.361,2
Elevance_Health,Healthcare,13,11,11,2,0.07051,1.692,2
Enphase_Energy,IT,69,78,39,30,0.01662,2.261,2
Everest_Group,Financial,17,17,11,6,0.0625,2.0,2
"F5,_Inc.",IT,49,60,39,10,0.02551,2.449,2
FactSet,Financial,12,12,9,3,0.09091,2.0,2
Fair_Isaac,Financial,29,36,23,6,0.04433,2.483,2
Fidelity_National_Information_Services,Financial,11,11,4,7,0.1,2.0,2
First_Solar,IT,51,59,36,15,0.02314,2.314,2
Fiserv,Financial,81,90,58,23,0.01389,2.222,2
Fortinet,IT,112,159,86,26,0.01279,2.839,2
Franklin_Resources,Financial,29,30,19,10,0.03695,2.069,2
GE_HealthCare,Healthcare,19,18,14,5,0.05263,1.895,2
Gartner,IT,37,41,29,8,0.03078,2.216,2
Gen_Digital,IT,95,109,87,8,0.01221,2.295,2
Gilead_Sciences,Healthcare,98,110,78,20,0.01157,2.245,2
Global_Payments,IT,49,50,44,5,0.02126,2.041,2
Globe_Life,Financial,23,20,17,6,0.03953,1.739,2
GoDaddy,IT,21,23,19,2,0.05476,2.19,2
Goldman_Sachs,Financial,29,31,20,9,0.03818,2.138,2
HCA_Healthcare,Healthcare,8,7,5,3,0.125,1.75,1
Hartford_(The),Financial,36,33,27,9,0.02619,1.833,2
Hewlett_Packard_Enterprise,IT,5,4,2,3,0.2,1.6,1
Hologic,Healthcare,17,17,15,2,0.0625,2.0,1
Humana,Healthcare,63,72,54,9,0.01843,2.286,2
Huntington_Bancshares,Financial,18,18,14,4,0.05882,2.0,2
IBM,IT,66,72,50,16,0.01678,2.182,2
IQVIA,Healthcare,25,26,18,7,0.04333,2.08,2
Idexx_Laboratories,Healthcare,14,16,10,4,0.08791,2.286,2
Incyte,Healthcare,69,91,57,12,0.01939,2.638,2
Insulet_Corporation,Healthcare,23,22,16,7,0.04348,1.913,2
Intel,IT,41,43,32,9,0.02622,2.098,2
Intercontinental_Exchange,Financial,152,217,124,28,0.00945,2.855,2
Intuit,IT,85,92,62,23,0.01289,2.165,2
Intuitive_Surgical,Healthcare,23,20,18,5,0.03953,1.739,2
Invesco,Financial,26,29,21,5,0.04462,2.231,2
JPMorgan_Chase,Financial,45,56,42,3,0.02828,2.489,2
Jabil,IT,42,41,35,7,0.02381,1.952,2
Jack_Henry_&_Associates,IT,18,21,10,8,0.06863,2.333,2
Johnson_&_Johnson,Healthcare,85,129,65,20,0.01807,3.035,2
Juniper_Networks,IT,24,37,20,4,0.06703,3.083,2
KKR_&_Co.,Financial,45,46,42,3,0.02323,2.044,2
KLA_Corporation,IT,9,8,5,4,0.11111,1.778,1
KeyCorp,Financial,19,18,14,5,0.05263,1.895,2
Keysight_Technologies,IT,18,18,11,7,0.05882,2.0,2
Labcorp,Healthcare,21,21,13,8,0.05,2.0,2
Lam_Research,IT,8,7,6,2,0.125,1.75,1
Lilly_(Eli),Healthcare,62,72,29,33,0.01904,2.323,2
Loews_Corporation,Financial,0,0,0,0,0.0,0.0,0
MSCI_Inc.,Financial,31,29,24,7,0.03118,1.871,2
MarketAxess,Financial,18,17,10,8,0.05556,1.889,2
Marsh_McLennan,Financial,24,25,17,7,0.04529,2.083,2
Mastercard,Financial,68,79,48,20,0.01734,2.324,2
McKesson_Corporation,Healthcare,27,31,19,8,0.04416,2.296,2
Merck_&_Co.,Healthcare,3,2,1,2,0.33333,1.333,1
MetLife,Financial,10,9,8,2,0.1,1.8,2
Microchip_Technology,IT,28,30,23,5,0.03968,2.143,2
Micron_Technology,IT,42,52,37,5,0.0302,2.476,2
Microsoft,IT,318,403,231,87,0.004,2.535,2
Moderna,Healthcare,54,62,45,9,0.02166,2.296,2
Molina_Healthcare,Healthcare,22,21,16,6,0.04545,1.909,2
Monolithic_Power_Systems,IT,22,21,17,5,0.04545,1.909,2
Moody_s_Corporation,Financial,51,63,38,13,0.02471,2.471,2
Morgan_Stanley,Financial,30,29,22,8,0.03333,1.933,2
Motorola_Solutions,IT,70,80,44,26,0.01656,2.286,2
NXP_Semiconductors,IT,12,11,8,4,0.08333,1.833,2
"Nasdaq,_Inc.",Financial,49,50,32,17,0.02126,2.041,2
NetApp,IT,13,14,5,8,0.08974,2.154,2
Nvidia,IT,61,74,54,7,0.02022,2.426,2
ON_Semiconductor,IT,74,90,59,15,0.01666,2.432,2
Oracle_Corporation,IT,54,66,47,7,0.02306,2.444,2
PTC_Inc.,IT,35,36,23,12,0.03025,2.057,2
Palantir_Technologies,IT,50,55,40,10,0.02245,2.2,2
Palo_Alto_Networks,IT,130,171,91,39,0.0102,2.631,2
PayPal,Financial,103,125,82,21,0.0119,2.427,2
Pfizer,Healthcare,53,65,45,8,0.02358,2.453,2
Progressive_Corporation,Financial,24,24,15,9,0.04348,2.0,2
Prudential_Financial,Financial,18,16,12,6,0.05229,1.778,2
Qualcomm,IT,58,59,50,8,0.01785,2.034,2
Quest_Diagnostics,Healthcare,33,33,24,9,0.03125,2.0,2
Regeneron_Pharmaceuticals,Healthcare,57,78,50,7,0.02444,2.737,2
Regions_Financial_Corporation,Financial,19,19,15,4,0.05556,2.0,2
ResMed,Healthcare,50,52,38,12,0.02122,2.08,2
Revvity,Healthcare,27,25,16,11,0.03561,1.852,2
Roper_Technologies,IT,27,28,18,9,0.03989,2.074,2
S&P_Global,Financial,59,59,45,14,0.01724,2.0,2
Salesforce,IT,86,110,73,13,0.01505,2.558,2
Seagate_Technology,IT,27,27,21,6,0.03846,2.0,2
Skyworks_Solutions,IT,19,16,12,7,0.04678,1.684,1
Solventum,Healthcare,15,14,6,9,0.06667,1.867,2
State_Street_Corporation,Financial,16,17,8,8,0.07083,2.125,2
Steris,Healthcare,65,76,28,37,0.01827,2.338,2
Stryker_Corporation,Healthcare,15,14,6,9,0.06667,1.867,2
Supermicro,IT,65,71,46,19,0.01707,2.185,2
Synchrony_Financial,Financial,63,83,41,22,0.02125,2.635,2
Synopsys,IT,2,1,1,1,0.5,1.0,1
T._Rowe_Price,Financial,37,37,19,18,0.02778,2.0,2
TE_Connectivity,IT,5,4,4,1,0.2,1.6,2
Teledyne_Technologies,IT,37,42,28,9,0.03153,2.27,2
Teradyne,IT,35,39,26,9,0.03277,2.229,2
Texas_Instruments,IT,20,23,14,6,0.06053,2.3,2
Thermo_Fisher_Scientific,Healthcare,23,23,10,13,0.04545,2.0,2
Travelers_Companies_(The),Financial,38,44,30,8,0.03129,2.316,2
Trimble_Inc.,IT,41,41,30,11,0.025,2.0,2
UnitedHealth_Group,Healthcare,18,19,15,3,0.06209,2.111,2
Universal_Health_Services,Healthcare,29,28,24,5,0.03448,1.931,2
Verisign,IT,53,55,29,24,0.01996,2.075,2
Viatris,Healthcare,86,133,76,10,0.01819,3.093,2
Visa_Inc.,Financial,29,27,24,5,0.03325,1.862,2
W._R._Berkley_Corporation,Financial,43,46,36,7,0.02547,2.14,2
Waters_Corporation,Healthcare,51,61,37,14,0.02392,2.392,2
Wells_Fargo,Financial,4,3,3,1,0.25,1.5,2
West_Pharmaceutical_Services,Healthcare,18,18,14,4,0.05882,2.0,2
Western_Digital,IT,27,27,21,6,0.03846,2.0,2
Willis_Towers_Watson,Financial,93,118,82,11,0.01379,2.538,2
Zebra_Technologies,IT,47,43,40,7,0.01989,1.83,1
Zimmer_Biomet,Healthcare,45,43,29,16,0.02172,1.911,2
Zoetis,Healthcare,24,24,22,2,0.04348,2.0,2
